file,y_tc_mean,ntc_mean,A_rms,B_rms,C_rms,D_rms,U_A,U_B,U_C,U_D,R_AB,R_AC,R_AD,R_BC,R_BD,R_CD
J1-T100-I1 Tp 4_Processed.unv,100.0677007039388,32.26171100912071,2.821478366851806,2.842028498649597,2.8642619848251343,2.864360928535461,0.221159072562362,0.27383530595312733,0.2670300495514222,0.24033584222152982,0.8076353477963065,0.8282179212934356,0.92020844880269,1.0254849834808373,1.1393860500454167,1.1110704382798091
J1-T100-I2 Tp 4_Processed.unv,100.13540903727214,55.56119220315831,2.460186004638672,2.625279903411865,2.611658334732056,2.5437123775482178,-0.14013328965077232,0.05708671071539495,0.014426399458344008,-0.08031270876571339,-2.454744508742236,-9.713670417584435,1.7448457635710721,3.957100375615682,-0.7108054452742609,-0.17962785317611946
J1-T100-I3 Tp 4_Processed.unv,100.3020757039388,61.86152286325572,2.2982733249664307,2.283913731575012,2.358267068862915,2.3542416095733643,-0.30204596932301353,-0.28427946112145763,-0.23896486641079706,-0.2697834767405669,1.0624966296596616,1.2639764742812682,1.119586614318383,1.1896286905739593,1.053731920709253,0.8857653897039585
J1-T105-I1 Tp 4_Processed.unv,104.63540903727214,27.08023409291842,2.551038146018982,2.530666470527649,2.5489490032196045,2.618437647819519,-0.04928114827046226,-0.037526722168820914,-0.04828293205410761,-0.0055874384944121225,1.3132281590905244,1.0206743081641358,8.819989395811207,0.777225420501951,6.716265817753625,8.641335757412692
J1-T105-I2 Tp 4_Processed.unv,104.74999237060548,44.34968696205672,2.578566074371338,2.536062717437744,2.582024574279785,2.6588034629821777,-0.021753219918106304,-0.0321304752587257,-0.015207360993926944,0.03477837666824657,0.677027642540045,1.4304401616291904,-0.6254811754329948,2.1128238667811594,-0.9238635708969573,-0.43726483093190494
J1-T105-I3 Tp 4_Processed.unv,104.89061737060548,59.60721261410853,2.5736840963363647,2.540206551551819,2.5759371519088745,2.6341015100479126,-0.026635197953079448,-0.027986641144650992,-0.02129478336483759,0.010076423733981432,0.9517111330156944,1.2507851099842635,-2.6433185678025524,1.314248690168088,-2.7774378969663287,-2.1133274986266897
J1-T110-I1 Tp 4_Processed.unv,109.29165903727214,29.398874434091084,2.576730489730835,2.546729803085327,2.5648380517959595,2.647678136825561,-0.023588804558609233,-0.02146338961114269,-0.03239388347775263,0.023653050511629914,1.099025130045775,0.7281869916834602,-0.9972838195652991,0.6625753786477393,-0.9074258561528631,-1.3695435800902278
J1-T110-I2 Tp 4_Processed.unv,109.45311737060548,48.092863455712376,2.594631791114807,2.5425175428390503,2.586725950241089,2.67372727394104,-0.005687503174637065,-0.025675649857419547,-0.010505985032623233,0.049702187627108874,0.22151350428209454,0.5413583930470303,-0.1144316466974776,2.4439069518651895,-0.5165899346332872,-0.21137872464376184
J1-T110-I3 Tp 4_Processed.unv,109.52603403727214,64.1251769126163,2.5908660888671875,2.552215695381165,2.5856990814208984,2.6502182483673096,-0.009453205422256694,-0.015977497315304845,-0.011532853852813663,0.026193162053378405,0.5916574564654421,0.8196761654055299,-0.36090355960048803,1.385389732603507,-0.609987342602802,-0.44030017564550405
J1-T115-I1 Tp 4_Processed.unv,114.1927007039388,28.927929557238865,2.5580376386642456,2.529970407485962,2.5554171800613403,2.640110731124878,-0.04228165562519859,-0.038222785210507926,-0.04181475521237177,0.016085644810946764,1.1061898130221768,1.011165924814231,-2.6285334608672106,0.9140980263158139,-2.3762047253770127,-2.5995075549545623
J1-T115-I2 Tp 4_Processed.unv,114.43749237060548,48.40738921996945,2.5902583599090576,2.540283799171448,2.5943530797958374,2.6828513145446777,-0.010060934380386577,-0.027909393525021642,-0.0028788554778746978,0.05882622823074657,0.3604855967710884,3.494768826608141,-0.1710280377134234,9.69461431444472,-0.4744379227501501,-0.04893829783854837
J1-T115-I3 Tp 4_Processed.unv,114.57290903727214,64.60673209525243,2.590632438659668,2.5519134998321533,2.593334794044494,2.6613337993621826,-0.009686855629776225,-0.01627969286431652,-0.0038971412292179153,0.03730871304825145,0.5950269277505141,2.4856311485843174,-0.25964057289374176,4.177342289333342,-0.436350962930883,-0.10445659769013563
J1-T120-I1 Tp 4_Processed.unv,120.12499237060548,29.580866113317462,2.5811883211135864,2.5576480627059937,2.584069609642029,2.670117497444153,-0.01913097317585777,-0.010545129990476187,-0.013162325631683292,0.04609241113022167,1.8141998432580602,1.4534645100868215,-0.41505689780055915,0.8011600902117783,-0.22878234685279902,-0.2855638338054543
J1-T120-I2 Tp 4_Processed.unv,120.3802007039388,50.74630644801213,2.5999211072921757,2.5584518909454346,2.615944743156433,2.698411464691162,-0.0003981869972684571,-0.00974130175103527,0.018712807882721005,0.07438637837723094,0.040876158797374204,-0.021278848143155157,-0.005352955822760405,-0.5205686828020167,-0.1309554513009737,0.251562292599109
J1-T120-I3 Tp 4_Processed.unv,120.45311737060548,68.62760859240346,2.599934935569763,2.5671287775039677,2.6087712049484253,2.674072742462158,-0.00038435871968101054,-0.0010644151925021106,0.011539269674713193,0.05004765614822704,0.3610984908788291,-0.033308756144531625,-0.007679854547886287,-0.09224285613452972,-0.021268032799570336,0.23056563609167094
J1-T125-I1 Tp 4_Processed.unv,125.6302007039388,30.91590603772036,2.57657253742218,2.548414349555969,2.5843673944473267,2.67267382144928,-0.02374675686726402,-0.019778843140501046,-0.01286454082638544,0.04864873513534862,1.2006140449457277,1.8459078476053283,-0.4881269122659965,1.537469810032724,-0.406564386216273,-0.26443731354153843
J1-T125-I2 Tp 4_Processed.unv,125.53124237060548,52.9471221961828,2.602020144462585,2.5564939975738525,2.6214873790740967,2.7070682048797607,0.001700850173140811,-0.0116991951226173,0.02425544380038458,0.08304311856582958,-0.14538181091215982,0.07012240992736828,0.020481530589347034,-0.4823327587364864,-0.14088097032800095,0.29208252555155323
J1-T125-I3 Tp 4_Processed.unv,125.6770757039388,71.82079265413238,2.6012948751449585,2.5650908946990967,2.61143696308136,2.679799199104309,0.000975580855514302,-0.00310229799737316,0.014205027807647763,0.05577411279037792,-0.31447038818977585,0.06867856006512459,0.01749164274797049,-0.21839436285389965,-0.05562254318652945,0.2546885480910491
J1-T130-I1 Tp 4_Processed.unv,129.68229166666666,31.812680082806875,2.587285280227661,2.568342924118042,2.597540259361267,2.677869439125061,-0.013034014061783061,0.00014973142157215236,0.00030832408755498975,0.05384435281112987,-87.04929082305046,-42.27374567177934,-0.24206835779979646,0.4856299835654186,0.0027808194128986206,0.005726210297976834
J1-T130-I2 Tp 4_Processed.unv,129.86979166666666,54.24263025188162,2.625232219696045,2.5900272130966187,2.649613380432129,2.7235262393951416,0.024912925406600728,0.021834020400148813,0.052381445158416806,0.09950115308121044,1.1410141123817459,0.4756059198301375,0.25037825829282,0.41682737721566004,0.21943484797938384,0.5264405842177963
J1-T130-I3 Tp 4_Processed.unv,130.07291666666666,73.06027326030164,2.630511999130249,2.600871682167053,2.644903898239136,2.7061901092529297,0.03019270484080483,0.03267848947058294,0.047671962965424086,0.08216502293899852,0.9239320828456344,0.6333430167896221,0.3674642050939448,0.6854865509583539,0.39771776726508445,0.5801977685908639
J1-T70-I1 Tp 4_Processed.unv,72.27603403727214,36.34171458565227,2.5665398836135864,2.544728398323059,2.567386031150818,2.592339277267456,-0.03377941067585777,-0.023464794373410758,-0.02984590412289423,-0.03168580904647511,1.4395783802024307,1.1317938480525447,1.0660737943068417,0.7861981421903502,0.7405458493735732,0.9419328406327828
J1-T70-I2 Tp 4_Processed.unv,72.3489507039388,42.18223303059033,2.258115649223328,3.0574748516082764,2.557623028755188,2.566484808921814,-0.3422036450661161,0.4892816589118065,-0.03960890651852411,-0.0575402773921172,-0.6994001079607168,8.639563046409167,5.947201865818546,-12.352819148970486,-8.50328988818598,0.6883683623664696
J1-T70-I3 Tp 4_Processed.unv,72.33853403727214,44.86493627500811,2.5132349729537964,2.497921109199524,2.520902633666992,2.53308367729187,-0.08708432133564781,-0.07027208349694591,-0.07632930160671991,-0.09094140902206105,1.2392449035530955,1.1409028970858688,0.9575871131985918,0.9206436062918106,0.7727182177252052,0.839323938649373
J1-T75-I1 Tp 4_Processed.unv,75.34374237060547,31.092419717605125,2.640620231628418,2.6486542224884038,2.643447160720825,2.697223305702209,0.040300937338973775,0.08046102979193392,0.046215225447113095,0.07319821938827786,0.5008752366603922,0.8720272799511191,0.5505726461076683,1.7410069736435754,1.099221134944973,0.6313708971794212
J1-T75-I2 Tp 4_Processed.unv,75.48436737060547,43.12935545439948,2.4628084897994995,2.6149760484695435,2.5729055404663086,2.59917426109314,-0.13751080448994468,0.04678285577307362,-0.024326394807403506,-0.024850825220791073,-2.9393418212209808,5.652740801859164,5.53345022824024,-1.9231314850992922,-1.8825473744804835,0.9788968612217831
J1-T75-I3 Tp 4_Processed.unv,75.67186737060547,51.15686516822552,2.4919155836105347,2.4837838411331177,2.5078437328338623,2.5133548974990845,-0.10840371067890953,-0.08440935156335216,-0.0893882024398498,-0.11067018881484669,1.284261858089844,1.212729507027009,0.9795204276760653,0.9443008054687312,0.7627108299649745,0.8076990144961074
J1-T80-I1 Tp 4_Processed.unv,83.3802007039388,32.43899105552049,2.7117865085601807,2.7540704011917114,2.73406195640564,2.8026885986328125,0.11146721427073647,0.18587720849524159,0.136830021131928,0.17866351231888133,0.5996819899174998,0.8146400427963294,0.6238946767809428,1.358453407794358,1.040375877999561,0.765853191600262
J1-T80-I2 Tp 4_Processed.unv,83.39061737060547,46.48059620622767,2.066161036491394,3.667119026184082,2.7387845516204834,4.034464359283447,-0.5341582577980502,1.0989258334876122,0.1415526163467713,1.410439272969516,-0.4860730738332138,-3.7735668303684724,-0.37871765770775934,7.763373520384088,0.7791372904513297,0.100360660015336
J1-T80-I3 Tp 4_Processed.unv,83.3489507039388,53.130481646765176,2.0451284646987915,2.5901812314987183,2.5602084398269653,2.546229839324951,-0.5551908295906527,0.021988038802248422,-0.03702349544674677,-0.07779524698898,-25.24967481564935,14.995635147124851,7.1365649069704435,-0.5938941889988536,-0.2826398739419532,0.475909478788483
J1-T85-I1 Tp 4_Processed.unv,88.2395757039388,29.337341928791737,2.690282106399536,2.6663047075271606,2.677664995193481,2.742677688598633,0.08996281211009194,0.0981115148306908,0.0804330599197689,0.11865260228470165,0.916944481647634,1.11848053772701,0.7582034475251556,1.2197909034985859,0.8268804302772609,0.6778870279370135
J1-T85-I2 Tp 4_Processed.unv,88.22915903727214,45.89301347660363,2.583765983581543,2.9409070014953613,2.8050588369369507,3.0630671977996826,-0.016553310707901225,0.3727138087988915,0.20782690166323858,0.43904211148575145,-0.0444129257277748,-0.0796495091608694,-0.03770324138585153,1.7933857735262522,0.8489249642536566,0.4733643908552115
J1-T85-I3 Tp 4_Processed.unv,88.21874237060547,55.0128939133253,2.371758460998535,2.6074835062026978,2.592601537704468,2.627603530883789,-0.22856083329090904,0.039290313506227914,-0.004630397569243883,0.003578444569857897,-5.817231090677854,49.360952245021096,-63.87155894941957,-8.485300218539074,10.979718349469408,-1.2939693430623014
J1-T90-I1 Tp 4_Processed.unv,90.55728403727214,36.69901276156332,2.562844157218933,2.987845540046692,2.7894541025161743,2.8669705390930176,-0.03747513707051109,0.41965234735022205,0.19222216724246222,0.2429454527790864,-0.08930043476972645,-0.19495741624451296,-0.1542532969513438,2.183163125098301,1.7273521383082548,0.791215332674913
J1-T90-I2 Tp 4_Processed.unv,90.68228403727214,52.61677755686191,2.582213044166565,3.0831477642059326,2.8464330434799194,3.3506076335906982,-0.018106250122879253,0.5149545715094628,0.24920110820620733,0.7265825472767671,-0.035160868792377606,-0.07265718139542465,-0.02491974269233622,2.0664216753135443,0.708735123682111,0.34297700810487897
J1-T90-I3 Tp 4_Processed.unv,90.81249237060548,59.99923656468653,2.7813388109207158,2.835809111595154,2.796538829803467,2.528232216835022,0.18101951663127158,0.26761591889868397,0.1993068945297547,-0.09579286947890919,0.676415354423678,0.9082451315011936,-1.8896971937052875,1.3427328719866807,-2.7936935218085854,-2.0806026128451687
J1-T95-I1 Tp 4_Processed.unv,98.43228403727214,84.88958536264772,2.5476073026657104,2.547190308570862,2.545927762985229,2.5584906339645386,-0.052711991623733745,-0.021002884125608023,-0.05130417228848305,-0.06553445234939259,2.509750151859573,1.0274406402530876,0.8043401559641218,0.40937965059662074,0.3204861469450075,0.7828580303831374
J1-T95-I2 Tp 4_Processed.unv,98.5833257039388,54.92729797653868,2.93473756313324,3.204776406288147,2.9270395040512085,3.363949775695801,0.334418268843796,0.6365832135916771,0.3298075687774964,0.7399246893818696,0.5253331563001307,1.0139799704518309,0.4519625762497097,1.9301655688233945,0.8603351431933923,0.4457312663171389
J1-T95-I3 Tp 4_Processed.unv,98.57290903727214,62.48389269477997,2.5687800645828247,3.428557276725769,2.6375221014022827,2.676756501197815,-0.03153922970661949,0.8603640840292992,0.040290166128570615,0.052731414883883776,-0.036658003619715766,-0.7828021757461642,-0.5981108183057454,21.354195494845495,16.31596811737079,0.7640638169351386
J2-T100-I1 Tp 4_Processed.unv,100.78124237060548,30.92999025152335,2.556961297988892,2.5406094789505005,2.562543749809265,2.6221190690994263,-0.04335799630055215,-0.02758371374596935,-0.03468818546444696,-0.001906017214504896,1.571869426280129,1.249935553561634,22.74795629892291,0.7951904481784089,14.471912182143882,18.199303343363304
J2-T100-I2 Tp 4_Processed.unv,100.9427007039388,46.87656107306964,2.572278380393982,2.54420006275177,2.5886576175689697,2.645868420600891,-0.02804091389546226,-0.02399312994469982,-0.008574317704742374,0.021843334286959948,1.1687059570840448,3.2703376363058134,-1.2837286435799387,2.7982552980780557,-1.0984188416245253,-0.3925370363379494
J2-T100-I3 Tp 4_Processed.unv,101.06249237060548,60.43841791201851,2.5699020624160767,2.5480315685272217,2.5796412229537964,2.624501943588257,-0.030417231873367534,-0.02016162416924816,-0.017590712319915713,0.0004768572743256705,1.5086697191668668,1.729164306719404,-63.78686770875185,1.1461516624555181,-42.280206793026174,-36.888841309574126
J2-T105-I1 Tp 4_Processed.unv,105.5520757039388,35.98533787995823,2.555971145629883,2.5328800678253174,2.553584098815918,2.6194053888320923,-0.04434814865956138,-0.03531312487115246,-0.04364783645779413,-0.00461969748183888,1.255854553268088,1.0160446028623762,9.59979497226916,0.8090463981026634,7.6440340541727405,9.448202318308518
J2-T105-I2 Tp 4_Processed.unv,105.71353403727214,50.37485865297666,2.571106433868408,2.5348358154296875,2.574790358543396,2.6412166357040405,-0.02921286042103599,-0.03335737726678234,-0.022441576730316104,0.017191549390109362,0.8757541154210134,1.301729409305391,-1.6992569871475764,1.4864096969496885,-1.9403357143582125,-1.3053841873744776
J2-T105-I3 Tp 4_Processed.unv,105.9114507039388,63.21730766145505,2.5669620037078857,2.5394786596298218,2.569881319999695,2.6203644275665283,-0.03335729058155845,-0.028714533066648062,-0.027350615274017276,-0.003660658747402845,1.1616866798472496,1.2196175569493473,9.112373723779825,1.0498679016528922,7.844089014585251,7.471500940485622
J2-T110-I1 Tp 4_Processed.unv,109.64061737060548,56.84424996917395,2.5800132751464844,2.55783486366272,2.5738641023635864,2.6327273845672607,-0.02030601914295982,-0.01035832903374967,-0.023367832910125674,0.008702298253329577,1.9603566440879057,0.8689731401734253,-2.3334087791337828,0.4432729844307142,-1.1902980950792488,-2.685248451601269
J2-T110-I2 Tp 4_Processed.unv,109.93749237060548,66.43712924286876,2.5870492458343506,2.5543012619018555,2.582053542137146,2.6413573026657104,-0.013270048455093608,-0.013891930794614371,-0.015178393136566104,0.017332216351779284,0.9552342760185751,0.8742722853267568,-0.7656290566515653,0.9152438383709716,-0.801509196092412,-0.8757329604305295
J2-T110-I3 Tp 4_Processed.unv,110.14061737060548,75.118425461375,2.578569173812866,2.5537643432617188,2.574558138847351,2.6214425563812256,-0.021750120476577983,-0.01442884943475109,-0.022673796426361026,-0.0025825299327055795,1.5074050481249055,0.9592624043890083,8.42202067094399,0.636366718807434,5.587098624500646,8.779683882543384
J2-T115-I1 Tp 4_Processed.unv,115.18228403727214,50.93791492111405,2.582473397254944,2.56278657913208,2.5842772722244263,2.655686140060425,-0.017845897034500346,-0.005406613564389762,-0.01295466304928583,0.03166105374649364,3.3007532019748838,1.3775655118628625,-0.5636545510263291,0.4173488375436997,-0.1707654333832312,-0.40916714753123207
J2-T115-I2 Tp 4_Processed.unv,115.43749237060548,64.12132139013605,2.5947580337524414,2.5652201175689697,2.6012885570526123,2.6692726612091064,-0.005561260537002788,-0.0029730751275001133,0.004056621778900205,0.04524757489517528,1.8705415431862733,-1.3709093033835922,-0.12290737238153689,-0.7328943366039283,-0.06570683919277032,0.08965390495066641
J2-T115-I3 Tp 4_Processed.unv,115.54686737060548,74.79126825262324,2.587846875190735,2.5652315616607666,2.591446876525879,2.6456345319747925,-0.01247241909870933,-0.0029616310357032383,-0.005785058747833194,0.021609445660861315,4.211334547872794,2.155971035450747,-0.5771744122663535,0.5119448504844525,-0.13705261496213655,-0.2677097246557787
J2-T120-I1 Tp 4_Processed.unv,121.10936737060548,37.02444165073933,2.5670700073242188,2.539530038833618,2.5642393827438354,2.6452149152755737,-0.033249286965225444,-0.028663153862851676,-0.03299255252987665,0.021189828961642565,1.1600009937607576,1.007781587529983,-1.5691154008563584,0.8687764863568996,-1.352684531561684,-1.5569994731717351
J2-T120-I2 Tp 4_Processed.unv,121.2552007039388,54.40949340988704,2.6000605821609497,2.5528807640075684,2.6059902906417847,2.6887850761413574,-0.0002587121284944871,-0.01531242868890148,0.008758355368072568,0.06475998982742626,0.01689556462600886,-0.029538893733130324,-0.003994937756845059,-1.748322378505093,-0.23644890509875546,0.13524330981848534
J2-T120-I3 Tp 4_Processed.unv,121.1614507039388,69.80117663175743,2.6019963026046757,2.565633535385132,2.605049729347229,2.670121908187866,0.001677008315231543,-0.002559657311338004,0.007817794073516904,0.046096821873935045,-0.6551690758771627,0.21451170233716912,0.03638012876067253,-0.3274142663860829,-0.05552784784899314,0.16959507739811
J2-T125-I1 Tp 4_Processed.unv,125.8645757039388,33.15017379245882,2.563002824783325,2.538149833679199,2.563375234603882,2.651289820671081,-0.037316469506119,-0.03004335901727062,-0.033856700669830264,0.027264734357149933,1.2420871276300158,1.1021885998292722,-1.3686716700517967,0.8873681848167292,-1.1019127721445054,-1.2417762897055935
J2-T125-I2 Tp 4_Processed.unv,126.15624237060548,53.11673224319837,2.59176242351532,2.544900894165039,2.600477814674377,2.6939035654067998,-0.00855687077412437,-0.023292298531430777,0.0032458794006648972,0.0698784790928686,0.3673691011034258,-2.6362257243357687,-0.12245359208165188,-7.1759593183466714,-0.3333257797508054,0.046450344123132946
J2-T125-I3 Tp 4_Processed.unv,126.3489507039388,70.75985760430095,2.591966032981873,2.5556554794311523,2.5979251861572266,2.669752240180969,-0.008353261307571191,-0.012537713265317496,0.0006932508835144624,0.04572715386703763,0.6662507851952905,-12.049405931116896,-0.18267616943447318,-18.085390965182864,-0.27418529702884686,0.015160595508092437
J2-T130-I1 Tp 4_Processed.unv,130.93229166666666,38.35312710183691,2.5721980333328247,2.549311399459839,2.577396869659424,2.649255156517029,-0.028121260956619487,-0.018881793236630973,-0.019835065614288272,0.025230070203097643,1.4893321097311776,1.4177548742950574,-1.114593052268514,0.9519400441523821,-0.7483844905953827,-0.7861676743116238
J2-T130-I2 Tp 4_Processed.unv,131.10416666666666,58.84402279285919,2.6138153076171875,2.572729468345642,2.630114197731018,2.7037153244018555,0.013496013327743306,0.00453627564917225,0.032882262457305966,0.0796902380879243,2.975130783819535,0.4104344506484737,0.16935591675423037,0.137955095245107,0.05692385614618518,0.4126259783667118
J2-T130-I3 Tp 4_Processed.unv,131.18229166666666,75.63549018054043,2.614914655685425,2.5809218883514404,2.6243852376937866,2.684921622276306,0.01459536139598061,0.01272869565497059,0.02715330242007452,0.06089653596237499,1.1466501982299406,0.5375169903897293,0.23967473954509294,0.46877154970145457,0.20902167017899068,0.44589239750601295
J2-T70-I1 Tp 4_Processed.unv,71.8645757039388,54.98914416510761,2.531797766685486,2.5243107080459595,2.531707644462585,2.546794891357422,-0.06852152760395835,-0.04388248465051037,-0.0655242908111271,-0.07723019495650929,1.5614778458803933,1.0457423766931069,0.8872375324514582,0.6697132331733441,0.5682037275086765,0.8484284009385946
J2-T70-I2 Tp 4_Processed.unv,71.9739507039388,57.10354284814305,2.53179669380188,2.52581524848938,2.531450867652893,2.544480681419373,-0.06852260048756431,-0.04237794420708996,-0.06578106762081903,-0.07954440489455816,1.6169401741791023,1.041676624687034,0.8614383447634809,0.644227066233838,0.532758328675222,0.8269729053604282
J2-T70-I3 Tp 4_Processed.unv,72.31249237060547,60.21702783527688,2.5301427841186523,2.526771903038025,2.5301345586776733,2.539204955101013,-0.07017651017079185,-0.04142128965844494,-0.06709737659603876,-0.08482013121291798,1.694213549347668,1.045890521074931,0.8273567744741247,0.617330986095369,0.48834267368047335,0.7910548549802282
J2-T75-I1 Tp 4_Processed.unv,75.87499237060547,48.244083618196846,2.542429685592652,2.528771758079529,2.537724614143372,2.568061232566833,-0.05788960869679238,-0.03942143461694103,-0.059507321130340074,-0.05596385374709811,1.4684805172441595,0.9728149007076897,1.0344106922728518,0.6624636073029648,0.7044088635333685,1.063317072467078
J2-T75-I2 Tp 4_Processed.unv,76.12499237060547,53.511549074486005,2.5398110151290894,2.525573968887329,2.537269830703736,2.5633015632629395,-0.06050827916035484,-0.04261922380914074,-0.059962104569976304,-0.06072352305099171,1.4197414629446479,1.0091086627845283,0.996455345806334,0.7107693119644213,0.7018569026924187,0.9874608974782966
J2-T75-I3 Tp 4_Processed.unv,76.32290903727214,57.48260733533973,2.53589129447937,2.5260618925094604,2.5342214107513428,2.5537562370300293,-0.06442799981007408,-0.04213130018700939,-0.06301052452236933,-0.07026884928390187,1.5292193576769693,1.0224958496766923,0.9168785381666141,0.6686390965060509,0.5995729347550508,0.8967063665407798
J2-T80-I1 Tp 4_Processed.unv,83.40624237060547,36.166269341951306,2.5381075143814087,2.7546271085739136,2.690794825553894,2.824408531188965,-0.0622117799080355,0.18643391587744373,0.09356289028018194,0.20038344487503368,-0.3336934678180108,-0.6649193897466944,-0.31046367102248895,1.9926053515357605,0.9303858210128617,0.46691926240978204
J2-T80-I2 Tp 4_Processed.unv,83.26040903727214,46.87903573735512,2.4730539321899414,3.0628215074539185,2.686612725257873,3.092605710029602,-0.1272653620995028,0.4946283147574486,0.08938078998416099,0.4685806237156709,-0.257294939053196,-1.423855865696144,-0.2715975771476327,5.533944316727351,1.0555884936838174,0.19074794274548618
J2-T80-I3 Tp 4_Processed.unv,83.26040903727214,53.7371128960928,2.4312344789505005,2.5788462162017822,2.5691909790039062,2.5564870834350586,-0.1690848153389437,0.010653023505312387,-0.02804095626980585,-0.06753800287887257,-15.872002465274342,6.029923291917548,2.5035507141393025,-0.3799094225892513,-0.15773376545377382,0.4151878212936868
J2-T85-I1 Tp 4_Processed.unv,88.2083257039388,32.26616971135005,2.7824721336364746,2.7613449096679688,2.76636016368866,2.834611415863037,0.18215283934703042,0.1931517169714989,0.169128228414948,0.21058632954910594,0.9430557605341325,1.0770102723486652,0.8649794112326498,1.1420430449824759,0.9172091910479806,0.8031301403898089
J2-T85-I2 Tp 4_Processed.unv,88.16665903727214,53.12177505429831,2.390350699424744,3.227197289466858,2.9788581132888794,4.340173006057739,-0.2099685948647001,0.6590040967703881,0.3816261780151673,1.716147919743808,-0.3186150069380493,-0.5501944231308868,-0.12234877451358905,1.7268314773317168,0.38400192034073977,0.2223737089470339
J2-T85-I3 Tp 4_Processed.unv,88.0520757039388,58.50550948051312,2.995750665664673,2.6918208599090576,2.5855884552001958,2.733783721923828,0.39543137137522866,0.12362766721258778,-0.011643480073516344,0.10975863560989696,3.19856695746958,-33.96161361367005,3.6027358501491116,-10.617759160664075,1.1263593659453275,-0.10608258756877667
J2-T90-I1 Tp 4_Processed.unv,91.74999237060548,36.244126854537086,2.7848711013793945,3.687876582145691,2.867446184158325,3.175175428390503,0.18455180708995034,1.119683389449221,0.2702142488846131,0.5511503420765718,0.1648249932337859,0.6829832544054983,0.3348483943502849,4.14368744087714,2.03153895401858,0.49027321268916496
J2-T90-I2 Tp 4_Processed.unv,91.9114507039388,54.32898186196037,3.7756675481796265,3.418239712715149,2.847980260848999,2.6311713457107544,1.1753482538901823,0.8500465200186791,0.2507483255752869,0.007146259396823229,1.382686977960165,4.687362323132583,164.47041572723586,3.39003866952425,118.94985513631866,35.08805259528553
J2-T90-I3 Tp 4_Processed.unv,91.9270757039388,59.97234058962232,2.798602104187012,4.117067575454712,2.719514966011048,2.8732911348342896,0.19828280989756797,1.548874382758242,0.12228303073733571,0.24926604852035839,0.1280173602874528,1.6215071600856867,0.7954665750693823,12.666306791865738,6.213739865305966,0.4905723481525341
J2-T95-I1 Tp 4_Processed.unv,98.32290903727214,45.28682049629692,2.5833840370178223,2.559539675712585,2.5754895210266118,2.635836958885193,-0.01693525727162193,-0.008653516983884835,-0.021742414247100328,0.011811872571261706,1.9570375031515985,0.7789041768386183,-1.4337487277695005,0.3980016609718909,-0.7326117795190957,-1.8407254324771194
J2-T95-I2 Tp 4_Processed.unv,98.40624237060548,56.34767283170424,2.587261319160461,2.555286407470703,2.5834450721740723,2.64043927192688,-0.013057975128983212,-0.012906785225766715,-0.013786863099639834,0.016414185612948717,1.0117139861376687,0.9471317031736056,-0.7955298810976111,0.9361654737910533,-0.786318951796481,-0.8399358594290381
J2-T95-I3 Tp 4_Processed.unv,98.40103403727214,65.26564836355385,2.574765205383301,2.5513211488723755,2.571790933609009,2.615307927131653,-0.025554088906143413,-0.01687204382409435,-0.02544100166470331,-0.008717159182278333,1.514581705249636,1.0044450781824756,2.9314698024666046,0.6631831578983197,1.9354979611241472,2.9184968557674087
J3-T100-I1 Tp 4_Processed.unv,101.0208257039388,38.40529628097793,2.567716121673584,2.5447267293930054,2.558727622032165,2.6227846145629883,-0.03260317261586021,-0.02346646330346447,-0.03850431324154702,-0.0012404717509428842,1.389351782338962,0.8467407900858405,26.282881968959387,0.6094502492812579,18.917370174393394,31.040056504535343
J3-T100-I2 Tp 4_Processed.unv,101.1770757039388,53.74571298774061,2.574864745140076,2.5390881299972534,2.5753276348114014,2.63433849811554,-0.025454549149368066,-0.029105062699216422,-0.021904300462310733,0.01031341180160883,0.8745746199699258,1.1620799848489116,-2.468101695056655,1.3287373750782665,-2.8220595918293703,-2.123865592072431
J3-T100-I3 Tp 4_Processed.unv,101.23436737060548,63.80048770253515,2.568525552749634,2.5422428846359253,2.568743348121643,2.6139153242111206,-0.031793741539810405,-0.025950308060544547,-0.028488587152069034,-0.01010976210281056,1.2251778077405697,1.1160167884106997,3.1448555580720936,0.9109018963286798,2.5668564498990776,2.817928539005787
J3-T105-I1 Tp 4_Processed.unv,106.8958257039388,46.26735824502256,2.589089274406433,2.5492537021636963,2.5964213609695435,2.6646991968154907,-0.011230019883011089,-0.01893949053277355,-0.0008105743041686431,0.04067411050155956,0.5929420257413088,13.854399066510059,-0.27609749161153746,23.365520514740027,-0.4656399439158567,-0.01992850720454141
J3-T105-I2 Tp 4_Processed.unv,106.88540903727214,60.35209259036184,2.5815433263778687,2.551138997077942,2.5865062475204468,2.639522433280945,-0.018775967911575542,-0.017054195618527945,-0.010725687753265323,0.015497346967013659,1.1009588685130969,1.7505607419775386,-1.2115601432645522,1.5900328268773232,-1.1004590433980772,-0.6920983169632269
J3-T105-I3 Tp 4_Processed.unv,106.8958257039388,69.87429227986847,2.572624683380127,2.551175117492676,2.5754995346069336,2.6164122819900517,-0.02769461090931724,-0.01701807520379406,-0.021732400666778506,-0.007612804323879452,1.6273644685236157,1.2743466004495738,3.637898694236264,0.7830738750279412,2.235454174280119,2.854716835241572
J3-T110-I1 Tp 4_Processed.unv,110.8645757039388,30.408709498912632,2.556593060493469,2.5363978147506714,2.5561527013778687,2.6243449449539185,-0.0437262337959754,-0.03179537794579845,-0.04107923389584345,0.0003198586399872916,1.3752386862806116,1.0644364475453323,-136.70486999417213,0.7740012393224215,-99.40446800831057,-128.42933959037524
J3-T110-I2 Tp 4_Processed.unv,110.8645757039388,47.56394680687632,2.5737287998199463,2.5337958335876465,2.5839147567749023,2.654510378837585,-0.026590494469497905,-0.034397359108823355,-0.013317178498809756,0.03048529252365384,0.7730388366552567,1.996706319726395,-0.872240095740137,2.5829314454182373,-1.1283263587559182,-0.436839452613972
J3-T110-I3 Tp 4_Processed.unv,110.93749237060548,62.94676673844827,2.572296142578125,2.5414706468582158,2.578810930252075,2.634466290473938,-0.028023151711319194,-0.026722545838254064,-0.018421005021636905,0.010441204160006823,1.0486707322325284,1.5212607389446895,-2.683900370290325,1.4506562376410166,-2.559335631096079,-1.7642605909570557
J3-T115-I1 Tp 4_Processed.unv,115.95311737060548,44.567989883039125,2.571380376815796,2.5464364290237427,2.56762170791626,2.643374443054199,-0.028938917473648296,-0.021756763672727164,-0.02961022735745189,0.019349356740268053,1.330111312001987,0.9773284454827177,-1.4956010094859307,0.7347719222173322,-1.1244179310338025,-1.5302951800888493
J3-T115-I2 Tp 4_Processed.unv,116.08853403727214,58.40536449288384,2.592215418815613,2.5531392097473145,2.593258500099182,2.670070171356201,-0.008103875473831401,-0.015053982949155387,-0.003973435174529971,0.046045085042270006,0.5383210211677617,2.0395136998277645,-0.17599870792706615,3.7886569902165737,-0.32694006179672874,-0.08629444751556663
J3-T115-I3 Tp 4_Processed.unv,116.0208257039388,70.57208735556672,2.5905063152313232,2.5604071617126465,2.591368794441223,2.6513149738311768,-0.009812979058120952,-0.0077860309838233555,-0.005863140832488956,0.027289887517245592,1.2603313650445116,1.6736727529628952,-0.3595829792966252,1.3279624703331774,-0.2853082842097845,-0.21484664708800275
J3-T120-I1 Tp 4_Processed.unv,121.01040903727214,40.251237693141,2.571075677871704,2.5429006814956665,2.568406462669373,2.6475263833999634,-0.029243616417740093,-0.025292511200803336,-0.028825472604339097,0.023501297086032213,1.1562164067287737,1.0145060523079872,-1.2443405277030763,0.877436132547435,-1.0762176703785304,-1.2265481559939626
J3-T120-I2 Tp 4_Processed.unv,121.31249237060548,57.20413273464359,2.594865560531616,2.546527624130249,2.5960755348205566,2.681131720542908,-0.005453733757827983,-0.021665568566220816,-0.0011564004531554595,0.057106634228976993,0.25172354656461676,4.716129038990282,-0.09550087886392462,18.735351155477478,-0.3793879443034535,-0.020249844326645325
J3-T120-I3 Tp 4_Processed.unv,121.3020757039388,72.50744563077156,2.591161012649536,2.5548332929611206,2.5924688577651978,2.6565905809402466,-0.009158281639908061,-0.013359899735349234,-0.004763077508514346,0.03256549462631542,0.6855052673543631,1.9227656118417071,-0.281226548068687,2.8048881655751865,-0.41024710014855453,-0.1462614820738947
J3-T125-I1 Tp 4_Processed.unv,126.69790903727214,37.3140631682752,2.6041815280914307,2.5775259733200078,2.6015379428863525,2.6858158111572266,0.00386223380198647,0.009332780623537928,0.004306007612640439,0.0617907248432954,0.41383527137085435,0.8969407742449745,0.06250507356534986,2.1673860018596387,0.15103853607813086,0.0696869574448383
J3-T125-I2 Tp 4_Processed.unv,126.65103403727214,56.80566984927598,2.6314202547073364,2.589762687683105,2.6387622356414795,2.719697952270508,0.03110096041789223,0.021569494986635185,0.04153030036776739,0.09567286595657665,1.4418956232940503,0.7488739581096406,0.3250760819897266,0.5193676615779008,0.2254504949859556,0.43408650877686555
J3-T125-I3 Tp 4_Processed.unv,126.76040903727214,73.39055578407934,2.6219784021377563,2.588994264602661,2.62516987323761,2.688993334770202,0.021659107848312154,0.020801071906191293,0.027937937963897763,0.06496824845627103,1.041249602231579,0.7752579262041708,0.3333798949942527,0.7445457117512058,0.32017289061120563,0.4300244908511316
J3-T130-I1 Tp 4_Processed.unv,130.890625,38.94543537538704,2.569925189018249,2.5484559535980225,2.5776755809783936,2.651676058769226,-0.030394105271195127,-0.01973723909844738,-0.019556354295318545,0.02765097245529491,1.5399370256190525,1.5541805395942818,-1.0992056543521287,1.009249413280068,-0.7137990944209225,-0.7072573786305907
J3-T130-I2 Tp 4_Processed.unv,130.96875,58.43365763626013,2.60527241230011,2.567459464073181,2.622984528541565,2.697336316108704,0.004953118010665669,-0.0007337286232886875,0.02575259326785284,0.07331122979477289,-6.7506130379172244,0.1923347275805689,0.06756288258335598,-0.028491446110190638,-0.010008406970428459,0.35127760562664856
J3-T130-I3 Tp 4_Processed.unv,131.00520833333334,75.04520212178399,2.6079291105270386,2.5770148038864136,2.6176189184188843,2.6796112060546875,0.00760981623759438,0.008821611189943734,0.020386983145172177,0.055586119740756335,0.8626333754393132,0.37326838323287936,0.13690137525492324,0.4327080238957657,0.1587016908373195,0.36676391948661646
J3-T70-I1 Tp 4_Processed.unv,71.85936737060547,60.47113391364527,2.527128219604492,2.5261281728744507,2.5270503759384155,2.532342433929444,-0.073191074684952,-0.042065019822019156,-0.07018155933529657,-0.09168265238448736,1.7399510328208558,1.0428818535546822,0.7983088706684918,0.5993742547248205,0.4588111134221126,0.7654835185284325
J3-T70-I2 Tp 4_Processed.unv,72.31249237060547,40.29337505037137,2.246364116668701,3.485648512840271,2.6026101112365723,2.87556529045105,-0.353955177620743,0.9174553201438012,0.0053781759628601655,0.25154020413711864,-0.3858009974428666,-65.81323855244526,-1.4071515081851342,170.58856505987015,3.6473506225020054,0.021380979558752504
J3-T70-I3 Tp 4_Processed.unv,72.2239507039388,49.69899204942804,2.5119549036026,2.5182974338531494,2.512847900390625,2.548994183540344,-0.0883643906868441,-0.049895758843320426,-0.0843840348830871,-0.07503090277358737,1.7709799937970778,1.0471695363853095,1.1777066171453614,0.5912938260471937,0.665002778840146,1.1246570648059995
J3-T70-I4 Tp 4_Processed.unv,72.0989507039388,54.32608219729579,2.530263304710388,2.5218966007232666,2.533870339393616,2.5463643074035645,-0.07005598957905601,-0.04629659197320324,-0.06336159588009593,-0.07766077891036671,1.513199710674273,1.1056538050529598,0.902076834175358,0.7306727573720503,0.5961386509738347,0.8158763892031732
J3-T75-I1 Tp 4_Processed.unv,75.94790903727214,61.43103887518028,2.5315749645233154,2.527825117111206,2.5305376052856445,2.540916323661804,-0.06874432976612876,-0.040368075585263785,-0.06669432998806757,-0.08310876265212697,1.7029379966585185,1.0307372422577445,0.8271610305868201,0.60526997711029,0.4857258644823617,0.8024945608591694
J3-T75-I2 Tp 4_Processed.unv,76.2239507039388,62.57673114326016,2.5328768491744995,2.528741240501404,2.531536340713501,2.5419487953186035,-0.06744244511494468,-0.03945195219506603,-0.06569559456021112,-0.08207629099532765,1.7094830892393513,1.0265900714717262,0.8217043472247543,0.6005266024178783,0.4806741595732184,0.8004210931504078
J3-T75-I3 Tp 4_Processed.unv,76.5364507039388,63.22144174494311,2.533005118370056,2.529003143310547,2.531680703163147,2.5416606664657597,-0.06731417591938804,-0.039190049385922965,-0.06555123211056513,-0.08236441984817144,1.717634373371503,1.026894136876777,0.8172725072728412,0.5978537416325171,0.47581285047797267,0.7958683158504687
J3-T80-I1 Tp 4_Processed.unv,83.2552007039388,25.30592658041371,2.504309058189392,2.5056856870651245,2.504586100578308,2.5025031566619877,-0.0960102361000521,-0.06250750563134533,-0.092645834695404,-0.12152192965194342,1.5359793216881514,1.0363146537101144,0.790065104915956,0.6746931023596922,0.5143722273862501,0.7623795553671278
J3-T80-I2 Tp 4_Processed.unv,83.0677007039388,24.976198298116525,2.5041873455047607,2.505432605743408,2.5045958757400517,2.5028562545776367,-0.09613194878468345,-0.06276058695306164,-0.09263605953366039,-0.12116883173629445,1.5317248204925187,1.0377378881250103,0.7933719208740085,0.6774962932253918,0.5179598255898886,0.7645205306201903
J3-T80-I3 Tp 4_Processed.unv,83.15624237060547,24.7195007470071,2.504081606864929,2.5053277015686035,2.5044437646865845,2.5029314756393437,-0.096237687424515,-0.06286549112786632,-0.09278817058712763,-0.12109361067458746,1.5308508006208164,1.0371762565805551,0.7947379460270013,0.6775162257222859,0.51914787888193,0.7662515806591604
J3-T85-I1 Tp 4_Processed.unv,88.7708257039388,34.85110468305388,2.7372368574142456,2.8542579412460327,2.8166840076446533,2.8971893787384038,0.1369175631248014,0.2860647485495629,0.21945207237094122,0.2731642924244726,0.4786243807355362,0.6239064486635095,0.5012278944278848,1.3035408846175116,1.0472259972582512,0.8033702737030232
J3-T85-I2 Tp 4_Processed.unv,88.8020757039388,50.9817309984734,2.688639521598816,3.306718945503235,2.945192933082581,3.951263904571533,0.08832022730937172,0.738525752806765,0.3479609978088689,1.327238818257602,0.11958990864395852,0.2538222038260881,0.06654433708118818,2.122438311929514,0.5564377281974777,0.2621690934760873
J3-T85-I3 Tp 4_Processed.unv,88.6614507039388,58.145384878250496,3.614747643470764,2.6774638891220093,2.572042226791382,2.1989500522613525,1.01442834918132,0.10927069642553944,-0.025189708482330264,-0.4250750340525786,9.283626647996922,-40.271539858943086,-2.386468900584368,-4.337910321677171,-0.2570621364980552,0.05925944001504093
J3-T90-I1 Tp 4_Processed.unv,91.93749237060548,37.02602906997586,2.8402891159057617,3.19104528427124,2.679183840751648,3.1659940481185918,0.23996982161631752,0.62285209157477,0.08195190547793585,0.5419689618046606,0.38527577391543605,2.9281786703656976,0.4427741042905124,7.600214881427769,1.1492394130851753,0.1512114369152258
J3-T90-I2 Tp 4_Processed.unv,92.18228403727214,48.67476175255047,2.862518310546875,2.858877778053284,2.719452381134033,3.113161444664001,0.2621990162574308,0.2906845853568143,0.1222204458603211,0.48913635835006986,0.9020052299490957,2.1452958579212136,0.5360448304065298,2.378362992465446,0.594281288631532,0.24986988551124875
J3-T90-I3 Tp 4_Processed.unv,92.3177007039388,58.7831966311294,2.585931181907654,2.5625557899475098,2.5908045768737797,2.6302510499954224,-0.014388112381790386,-0.005637402748960074,-0.006427358399932359,0.006225963681491198,2.552259084991674,2.2385732188112932,-2.310985594818672,0.8770948184590736,-0.9054666935689294,-1.0323475575419554
J3-T95-I1 Tp 4_Processed.unv,98.26561737060548,31.381478633980272,2.704902172088623,2.7929487228393555,2.677290916442871,2.7633230686187744,0.10458287779917885,0.22475553014288563,0.080058981169159,0.13929798230484325,0.46531837384687064,1.3063228668649005,0.7507853026205866,2.807374349018919,1.6134873343034137,0.5747318076291721
J3-T95-I2 Tp 4_Processed.unv,98.37499237060548,47.17009374630731,2.6064393520355225,2.7270883321762085,2.661697030067444,2.648295044898987,0.006120057746078267,0.15889513947973866,0.06446509479373175,0.02426995858505565,0.038516330745652916,0.09493599234842588,0.2521659740221692,2.464824413710298,6.546988488788734,2.656168306501621
J3-T95-I3 Tp 4_Processed.unv,98.43228403727214,57.10820201309557,2.441321849822998,2.408453941345215,2.4785099029541016,2.50525164604187,-0.15899744446644615,-0.159739251351255,-0.11872203231961054,-0.11877344027206105,0.9953561389668864,1.3392412626361594,1.3386616073614477,1.3454895290304867,1.3449071693583863,0.9995671763625541
J4-T100-I1 Tp 4_Processed.unv,101.3020757039388,53.01925903309881,2.5720847845077515,2.5527204275131226,2.5692298412323,2.627359986305237,-0.02823450978169273,-0.015472765183347281,-0.028002094041412295,0.003334899991305651,1.8247875830288178,1.008299941423549,-8.466373760923068,0.5525574323286183,-4.639648932107712,-8.396681793881669
J4-T100-I2 Tp 4_Processed.unv,101.34374237060548,62.00671745444469,2.5749138593673706,2.5499569177627563,2.574319720268249,2.628257155418396,-0.02540543492207359,-0.018236274933713492,-0.022912215005463032,0.004232069104464831,1.3931263382691403,1.1088161889200188,-6.003076579082999,0.7959193351391544,-4.3090683265247804,-5.413951057956653
J4-T100-I3 Tp 4_Processed.unv,101.56249237060548,69.40229670361934,2.567944049835205,2.549679160118103,2.567390918731689,2.6098194122314453,-0.032375244454239116,-0.018514032578366812,-0.02984101654202309,-0.014205674082485853,1.7486868037635834,1.0849243157868715,2.2790361278353197,0.6204223154494335,1.3032843405293049,2.1006406573000307
J4-T105-I1 Tp 4_Processed.unv,106.58853403727214,45.5176083315012,2.571343183517456,2.5535038709640503,2.575375556945801,2.639887809753418,-0.02897611077198814,-0.014689321732419547,-0.02185637832791132,0.015862723439486803,1.9725969176668954,1.32575078712765,-1.8266794401684145,0.6720839798815523,-0.9260277271085539,-1.3778452616468502
J4-T105-I2 Tp 4_Processed.unv,106.79165903727214,57.570414858466506,2.577759861946106,2.552034854888916,2.587731719017029,2.646307110786438,-0.022559432343338237,-0.016158337807553824,-0.009500216256683292,0.022282024472506823,1.3961480823102967,2.3746230331828437,-1.012449850379336,1.7008389462909985,-0.7251736855190672,-0.426362347299517
J4-T105-I3 Tp 4_Processed.unv,106.9427007039388,67.41008633369056,2.57363510131836,2.5538774728775024,2.580015778541565,2.627365231513977,-0.026684192971084375,-0.014315719818967398,-0.01721615673214716,0.0033401452000458853,1.863978431299665,1.5499506298788432,-7.988932029277589,0.8315282000329451,-4.285957334660402,-5.15431386992118
J4-T110-I1 Tp 4_Processed.unv,110.6302007039388,38.62161987198884,2.5752142667770386,2.5559048652648926,2.575307250022888,2.655025839805603,-0.02510502751240562,-0.012288327431577262,-0.021924685250823917,0.031000753491671862,2.0429979305314845,1.1450576017487955,-0.8098199135433889,0.5604790805886471,-0.39638802440329185,-0.7072307212375929
J4-T110-I2 Tp 4_Processed.unv,110.4583257039388,52.377080614011824,2.581296443939209,2.5472733974456787,2.589099168777466,2.6633788347244263,-0.01902285035023521,-0.02091979525079113,-0.00813276649624628,0.039353748410495104,0.9093229700475113,2.3390380578386587,-0.4833809006402571,2.572285243950723,-0.5315832950035353,-0.2066579887489798
J4-T110-I3 Tp 4_Processed.unv,110.3802007039388,63.87977822396583,2.576075553894043,2.551126360893249,2.581841468811035,2.640480875968933,-0.024243740395401225,-0.017066831803220772,-0.015390466462676944,0.01645578965500194,1.4205179189043196,1.5752440287754856,-1.4732650880738525,1.1089223217898654,-1.037132350438929,-0.9352614967339973
J4-T115-I1 Tp 4_Processed.unv,115.4114507039388,43.67174912709802,2.5846540927886963,2.5634214878082275,2.581694841384888,2.66751492023468,-0.015665201500747905,-0.004771704888242301,-0.01553709388882396,0.04348983392074901,3.2829359458812464,1.0082452750070652,-0.3602037554177468,0.3071169500800051,-0.10972000713862738,-0.35725806442804575
J4-T115-I2 Tp 4_Processed.unv,115.7395757039388,57.93609140827248,2.5932838916778564,2.5567290782928467,2.596604704856873,2.681211352348328,-0.007035402611587749,-0.01146411440362316,-0.0006272304168390974,0.057186266034396915,0.6136891489293106,11.21661581248304,-0.12302608824566429,18.277357245198832,-0.20046971412205197,-0.010968200239928677
J4-T115-I3 Tp 4_Processed.unv,115.8958257039388,70.58029803254594,2.5879673957824707,2.559613585472107,2.5907130241394043,2.6569541692733765,-0.012351898506973491,-0.008579607224362906,-0.006518911134307803,0.0329290829594453,1.4396811163917476,1.8947793968179398,-0.3751060581366874,1.3161104742186234,-0.26054801571393144,-0.19796819554119816
J4-T120-I1 Tp 4_Processed.unv,121.54165903727214,36.0757492801583,2.5814932584762573,2.559036135673523,2.5820202827453613,2.673393130302429,-0.01882603581318687,-0.00915705702294689,-0.015211652528350772,0.049368043988498034,2.055904617172335,1.2376062218157942,-0.38134052500789856,0.6019764786160079,-0.18548551417350745,-0.3081275112276039
J4-T120-I2 Tp 4_Processed.unv,121.57290903727214,54.28863888586911,2.6119402647018437,2.5683661699295044,2.621396541595459,2.7112475633621216,0.011620970412399512,0.0001729772330345547,0.024164606321746884,0.08722247704819042,67.18208060408767,0.48090874139096756,0.13323366643186396,0.007158288892912119,0.0019831726739311106,0.27704563249672376
J4-T120-I3 Tp 4_Processed.unv,121.6145757039388,69.99681914898734,2.6099578142166138,2.5766407251358032,2.6153839826583862,2.6861393451690674,0.009638519927169575,0.008447532439333383,0.01815204738467413,0.06211425885513622,1.140986435552555,0.530988032529456,0.1551740309684556,0.465376288432658,0.13599989108837057,0.29223639980972166
J4-T125-I1 Tp 4_Processed.unv,126.5677007039388,35.05422524676157,2.594788074493408,2.5695263147354126,2.5941628217697144,2.6942886114120483,-0.005531219796035991,0.0013331220389427578,-0.0030691135039977446,0.07026352509811717,-4.149072353812833,1.8022206701808756,-0.07872106883780884,-0.43436713474632627,0.018973173308358265,-0.04368003882116621
J4-T125-I2 Tp 4_Processed.unv,126.54686737060548,55.53348843693599,2.626569151878357,2.5793089866638184,2.6334846019744877,2.7323999404907227,0.02624985758891274,0.01111579396734852,0.03625266670077565,0.10837485417679149,2.3614919155589735,0.7240807360621311,0.24221354472220508,0.3066200359575394,0.10256801775451865,0.33451179220630656
J4-T125-I3 Tp 4_Processed.unv,126.51040903727214,73.1144943192599,2.6188052892684937,2.582248330116272,2.622433662414551,2.6991543769836426,0.018485994979049458,0.014055137419802133,0.02520172714083868,0.07512929066971141,1.3152482559867922,0.7335209557559819,0.24605576352795436,0.5577053247682451,0.18707933077116753,0.3354447635028561
J4-T130-I1 Tp 4_Processed.unv,131.421875,40.80897749934301,2.5909900665283203,2.571138858795166,2.600297808647156,2.6913524866104126,-0.009329227761123882,0.002945666098696176,0.0030658733734441057,0.06732740029648143,-3.167102939893027,-3.0429266394142434,-0.13856509712304207,0.96079183315621,0.04375137144349413,0.04553678531984444
J4-T130-I2 Tp 4_Processed.unv,131.43229166666666,60.74134602349475,2.6195104122161865,2.5831143856048584,2.636926531791687,2.7242438793182373,0.01919111792674233,0.014921192908388559,0.03969459651797491,0.10021879300430614,1.2861651239662788,0.48346927819387236,0.19149220771315553,0.37589985079283506,0.14888617654522573,0.3960793712240112
J4-T130-I3 Tp 4_Processed.unv,131.421875,77.29234061340573,2.618452787399292,2.588577628135681,2.627886652946472,2.6990245580673218,0.018133493109847798,0.020384435439211313,0.030654717672760068,0.07499947175339061,0.8895754392572667,0.5915400462474756,0.2417816110688541,0.6649689505157316,0.2717943868489949,0.40873244779053014
J4-T70-I1 Tp 4_Processed.unv,69.35936737060547,31.152387338304223,2.6280285120010376,2.607801914215088,2.612786889076233,2.654516577720642,0.027709217711593404,0.03960872151861805,0.01555495380252081,0.030491491406710924,0.6995736456317759,1.7813757638484848,0.9087524562834219,2.546373458994081,1.2990089920593553,0.5101407994460151
J4-T70-I2 Tp 4_Processed.unv,70.07811737060547,56.64094786171545,2.527459621429444,2.5224099159240723,2.5274927616119385,2.539656162261963,-0.07285967286000039,-0.045783276772397574,-0.06973917366177362,-0.08436892405196827,1.5914036302427133,1.044745284957932,0.8635842364793156,0.6564929632582228,0.5426556909057735,0.8265978788447836
J4-T70-I3 Tp 4_Processed.unv,70.2708257039388,58.06400328354477,2.527923822402954,2.5242472887039185,2.5274338722229004,2.5383217334747314,-0.07239547188649009,-0.04394590399255138,-0.06979806305081171,-0.08570335283919972,1.6473770092148012,1.037213193635295,0.8447215830904721,0.6296149502108614,0.5127676168633047,0.8144146143473501
J4-T70-I4 Tp 4_Processed.unv,69.78124237060547,49.98898608438076,2.4493194818496704,2.4397588968276978,2.4717020988464355,2.483295440673828,-0.15099981243977378,-0.12843429586877209,-0.12552983642727655,-0.14072964564010304,1.1756969695544408,1.2028997785498812,1.0729779909055928,1.0231376023753378,0.9126314166755266,0.8919928409988472
J4-T75-I1 Tp 4_Processed.unv,77.04686737060547,34.254893889446514,2.6430630683898926,2.66332483291626,2.6365795135498047,2.698824167251587,0.042743774100448384,0.09513164021979037,0.03934757827609259,0.07479908093765575,0.44931185882734664,1.0863127026655999,0.5714478515594981,2.417725420158626,1.2718289987958755,0.5260436061893379
J4-T75-I2 Tp 4_Processed.unv,76.96353403727214,45.92151332109944,2.39866042137146,3.2837228775024414,2.60830307006836,2.6793887615203857,-0.20165887291798423,0.7155296848059716,0.011071134794647719,0.05536367520645458,-0.28183159580956807,-18.21483313666049,-3.642440140868282,64.6302026014434,12.924172431431206,0.19997109572951527
J4-T80-I1 Tp 4_Processed.unv,82.99999237060547,31.993936481044607,2.656465530395508,2.660228729248047,2.679155945777893,2.751395463943481,0.05614623610606362,0.09203553655157704,0.08192401050418097,0.12737037762954984,0.6100495331452658,0.685345306711983,0.4408107846658196,1.1234256719753732,0.7225819555882738,0.6431951606711312
J4-T80-I2 Tp 4_Processed.unv,83.19790903727214,44.492639422504006,2.4640082120895386,2.6618653535842896,2.6428619623184204,2.664642214775085,-0.13631108219990562,0.09367216088781971,0.04563002704470831,0.04061712846115384,-1.4551931001479683,-2.9873110104963994,-3.3559999774546676,2.052862269751445,2.306223124005618,1.1234183403277462
J4-T80-I3 Tp 4_Processed.unv,83.27603403727214,52.68596201219144,2.456932663917541,2.466987609863281,2.4919103384017944,2.4930286407470703,-0.14338663037190313,-0.10120558283318903,-0.10532159687191767,-0.13099644556686085,1.4167857776012074,1.361417170177135,1.0945841297557826,0.9609195629293947,0.772582663561917,0.804003470599218
J4-T85-I1 Tp 4_Processed.unv,88.28124237060547,33.725103139027446,2.763230919837952,2.7470691204071045,2.753584265708924,2.823330044746399,0.1629116255485079,0.17887592771063465,0.15635233043521168,0.19930495843246776,0.910752092992904,1.041952013731028,0.8173987583139266,1.1440566777145427,0.8974986328362962,0.7844879107119149
J4-T85-I2 Tp 4_Processed.unv,88.36978403727214,48.97934079511341,2.7175029516220093,3.224371314048767,2.808327317237854,3.093906879425049,0.11718365733256508,0.6561781213522973,0.2110953819641419,0.46988179311111766,0.1785851333949765,0.5551218422791964,0.24938965299481924,3.108443752993896,1.3964748814966836,0.4492520992704692
J4-T85-I3 Tp 4_Processed.unv,88.12499237060547,56.84407939023295,2.614576578140259,2.7371474504470825,2.6527053117752075,2.8373786211013794,0.014257283850814595,0.16895425775061268,0.05547337650149542,0.21335353478744823,0.0843854664607462,0.25701128631371944,0.06682469013235849,3.045681882119761,0.7918980949574237,0.26000683118168316
J4-T90-I1 Tp 4_Processed.unv,92.90103403727214,52.79008632570314,2.5827044248580933,2.5685489177703857,2.58974289894104,2.6289045810699463,-0.017614869431350932,0.00035572507391590236,-0.007489036332672061,0.004879494756015124,-49.518211458760696,2.3520875916308994,-3.609978145716105,-0.047499445604769944,0.07290203016969896,-1.5347974958759951
J4-T90-I2 Tp 4_Processed.unv,93.15103403727214,60.1006701886814,2.58114492893219,2.560531735420227,2.5862860679626465,2.625571608543396,-0.019174365357254253,-0.007661457276242789,-0.010945867311065616,0.0015465222294648306,2.502704729126603,1.7517447281559972,-12.398376817311888,0.6999406313374104,-4.953991045375412,-7.077730343943003
J4-T90-I3 Tp 4_Processed.unv,93.1145757039388,66.28387972328181,2.5685514211654663,2.553303360939026,2.571155905723572,2.603971004486084,-0.031767873123977886,-0.014889831757443961,-0.02607602955013988,-0.02005408182784718,2.133528010354851,1.2182787668227457,1.584110077773039,0.571016063960707,0.7424838437014792,1.300285386984439
J4-T95-I1 Tp 4_Processed.unv,98.84374237060548,35.12354439132305,3.068191885948181,3.218943238258362,2.9863533973693848,3.139883756637573,0.46787259165873696,0.650750045561892,0.38912146209567267,0.5158586703236416,0.7189743509810299,1.2023818710459664,0.9069782453500317,1.6723571145553855,1.261489014333367,0.7543179643593931
J4-T95-I2 Tp 4_Processed.unv,98.9895757039388,55.62715490439818,2.876485228538513,3.3347004652023315,2.996733069419861,3.516326665878296,0.276165934249069,0.7665072725058617,0.39950113414614874,0.8923015795643647,0.3602913425025032,0.6912769718146525,0.30949842583927445,1.9186610674938704,0.8590226556363177,0.4477198553668271
J4-T95-I3 Tp 4_Processed.unv,99.01561737060548,63.501912179452624,2.967213988304138,4.833499670028687,2.726753830909729,3.609150528907776,0.366894694014694,2.2653064773322176,0.1295218956360169,0.9851254425938447,0.16196249720999106,2.832684714912939,0.3724344922496944,17.4897569728148,2.299510680962258,0.13147756624271575
J5-T100-I1 Tp 4_Processed.unv,101.21353403727214,68.90111675119952,2.575977087020874,2.5672528743743896,2.5739821195602417,2.614301443099976,-0.02434220726857017,-0.0009403183220801914,-0.0232498157134704,-0.009723643213955135,25.887198725129426,1.0469849554320065,2.503403995082299,0.040444119371466365,0.09670432176395258,2.3910601409256595
J5-T100-I2 Tp 4_Processed.unv,101.3802007039388,73.03763894528592,2.5722721815109253,2.5605568885803223,2.5718919038772583,2.609452962875366,-0.0280471127785189,-0.007636304116147574,-0.0253400313964538,-0.014572123438564955,3.6728648246487516,1.1068302299911097,1.9247100737763823,0.30135338021784114,0.5240350967614085,1.7389388377943398
J5-T100-I3 Tp 4_Processed.unv,101.5364507039388,76.53499569742235,2.566343188285828,2.557009696960449,2.5661659240722656,2.5984275341033936,-0.03397610600361611,-0.011183495736020621,-0.031066011201446475,-0.02559755221053761,3.038057759899115,1.0936745558771361,1.327318554687012,0.3599913636643478,0.43689707687818563,1.2136321061455904
J5-T105-I1 Tp 4_Processed.unv,107.06249237060548,37.12689383969805,2.5670928955078125,2.546802043914795,2.5712214708328247,2.6444884538650517,-0.033226398781631694,-0.021391148781674918,-0.026010464440887393,0.020463367551120548,1.5532779057708037,1.277424278876049,-1.6237014117362252,0.8224054910780025,-1.0453386388255321,-1.2710744883953908
J5-T105-I2 Tp 4_Processed.unv,106.95311737060548,51.3419801954285,2.5863800048828125,2.5540318489074707,2.596826195716858,2.6666258573532104,-0.013939289406631694,-0.014161343788999137,-0.00040573955685418994,0.042600771039279284,0.9843196814034033,34.355263545676515,-0.32720744405727353,34.902546596136496,-0.33241989390149584,-0.009524230359119205
J5-T105-I3 Tp 4_Processed.unv,107.03124237060548,63.44337579725404,2.5824432373046875,2.5574816465377808,2.5886385440826416,2.645034432411194,-0.017876056984756694,-0.010711546158689078,-0.008593391191070499,0.021009346097262682,1.6688586988215377,2.0802098481600524,-0.8508621306917198,1.246486505795242,-0.509846718174855,-0.4090270659204446
J5-T110-I1 Tp 4_Processed.unv,110.45311737060548,28.301747734632,2.571633219718933,2.553693413734436,2.574326515197754,2.6597899198532104,-0.02868607457051109,-0.014499778962033805,-0.022905420075958194,0.035764833539279284,1.9783801288021463,1.2523705950549382,-0.8020748800356127,0.633028292602804,-0.4054200041532193,-0.640445314831452
J5-T110-I2 Tp 4_Processed.unv,110.52603403727214,45.937061981703366,2.594738245010376,2.5580841302871704,2.609472274780273,2.692535400390625,-0.005581049279068218,-0.01010906240929943,0.012240339506560893,0.06851031407669383,0.5520837693052675,-0.4559554313078279,-0.0814629060497448,-0.8258808837680452,-0.1475553359452249,0.17866418613784857
J5-T110-I3 Tp 4_Processed.unv,110.76561737060548,61.30824431747168,2.593109369277954,2.562725305557251,2.6028181314468384,2.669611692428589,-0.007209925011490093,-0.005467887139218863,0.005586196173126279,0.0455866061146577,1.3185943359687002,-1.2906680660760084,-0.15815884589776136,-0.9788211816698151,-0.11994503660716134,0.12254029525856981
J5-T115-I1 Tp 4_Processed.unv,116.2864507039388,35.12239581184978,2.5639615058898926,2.545500636100769,2.571098804473877,2.6519604921340942,-0.036357788399551616,-0.022692556595700797,-0.026133130799835147,0.027935405820163073,1.6021900505666142,1.391252685261154,-1.3014949069867987,0.8683443545097148,-0.812322424874955,-0.9354842012344389
J5-T115-I2 Tp 4_Processed.unv,116.29165903727214,51.829560214697,2.585620164871216,2.55205237865448,2.603289484977722,2.6807429790496826,-0.014699129418228374,-0.01614081404198986,0.006057549704010068,0.05671789273575145,0.9106807983778894,-2.426580075520903,-0.2591621216731656,-2.6645780605489247,-0.28458063696389213,0.10680138862408341
J5-T115-I3 Tp 4_Processed.unv,116.35415903727214,68.38589578015048,2.58447265625,2.5591598749160767,2.595332145690918,2.6554802656173706,-0.015846638039444194,-0.00903331778039318,-0.0018997895827941313,0.03145517930343944,1.754243393699636,8.34125957051392,-0.5037846990658056,4.754904365307316,-0.28718061637008185,-0.060396717642820764
J5-T120-I1 Tp 4_Processed.unv,121.67186737060548,40.34447407122905,2.6099671125411987,2.5866501331329346,2.608160614967346,2.7027244567871094,0.009647818251754536,0.01845694043646473,0.010928679693634091,0.07869937047317821,0.5227203438709528,0.8827981533189548,0.12259079321406569,1.6888536359260138,0.23452462612461558,0.13886616408651872
J5-T120-I2 Tp 4_Processed.unv,121.79686737060548,57.15078459256817,2.633237242698669,2.5943078994750977,2.640527844429016,2.729690909385681,0.032917948409224795,0.026114706778627816,0.04329590915530401,0.10566582307174999,1.2605138050473814,0.760301586257189,0.31152881274461475,0.6031679964255608,0.24714430853290392,0.40974373640098277
J5-T120-I3 Tp 4_Processed.unv,121.73436737060548,71.49395554838391,2.631072163581848,2.59983229637146,2.633381128311157,2.706003904342652,0.03075286929240395,0.03163910367499012,0.03614919303744468,0.08197881802872065,0.9719892702495642,0.8507207688024732,0.3751318942123552,0.8752367899946524,0.3859424231257592,0.4409577242840961
J5-T125-I1 Tp 4_Processed.unv,127.05728530883788,35.95236056476978,2.597501397132873,2.573951244354248,2.590754270553589,2.693440318107605,-0.002817897156571103,0.005758051657778207,-0.006477664720123233,0.06941523179367382,-0.48938379230491524,0.43501744507046586,-0.04059479574953913,-0.8889085660593845,0.08295083815167739,-0.09331762716541958
J5-T125-I2 Tp 4_Processed.unv,127.43228530883788,56.197195649083,2.6276525259017944,2.57883894443512,2.62798011302948,2.732298731803894,0.02733323161235024,0.010645751738650233,0.03074817775576788,0.10827364548996288,2.567524800819355,0.8889382593484894,0.25244584209445564,0.3462238257892618,0.09832264989763469,0.28398579928315315
J5-T125-I3 Tp 4_Processed.unv,127.42186864217122,74.00553607442392,2.618733525276184,2.580839157104492,2.6192450523376465,2.6983879804611206,0.018414230986739888,0.012645964408022348,0.022013117063934384,0.07436289414718944,1.4561349686432983,0.8365117458494417,0.24762660461132494,0.5744740452382869,0.1700574534255174,0.29602286619403145
J5-T130-I1 Tp 4_Processed.unv,131.5625,44.1103508192683,2.596004366874695,2.571436882019043,2.603315830230713,2.691807508468628,-0.00431492741474937,0.003243689322573129,0.0060838949570007905,0.06778242215469676,-1.3302529883862175,-0.7092376586456585,-0.0636585013870057,0.5331599814754506,0.047854432158977785,0.08975623419174653
J5-T130-I2 Tp 4_Processed.unv,131.64583333333334,63.05144658245387,2.6262781620025635,2.583702564239502,2.641677975654602,2.7268786430358887,0.025958867713119282,0.015509371543032113,0.04444604038088995,0.1028535567219575,1.673753681191667,0.5840535510173495,0.25238668005709813,0.3489483294826986,0.15079081402073793,0.43212934775838885
J5-T130-I3 Tp 4_Processed.unv,131.55729166666666,79.16931499744034,2.6282520294189453,2.5938223600387573,2.6349518299102783,2.7051531076431274,0.02793273512950112,0.025629167342287484,0.03771989463656622,0.08112802132919628,1.0898807111619582,0.7405305714301417,0.3443044052086195,0.6794602049986161,0.31591017409744326,0.4649428646054211
J5-T70-I1 Tp 4_Processed.unv,70.99478403727214,36.3259474052408,2.533784031867981,2.5223063230514526,2.533612608909607,2.56696891784668,-0.06653526242146324,-0.0458868696450172,-0.06361932636410517,-0.057056168467251034,1.4499847763899105,1.0458341234339645,1.1661361813955837,0.7212724853827933,0.8042402929904984,1.1150297693162001
J5-T70-I2 Tp 4_Processed.unv,71.6458257039388,55.89664791317108,2.532370924949646,2.525380849838257,2.533449769020081,2.5491944551467896,-0.0679483693397982,-0.042812342858213004,-0.06378216625363109,-0.07483063116714161,1.5871210217303762,1.0653192472265698,0.9080288149384815,0.6712274821141829,0.572123236039362,0.8523537120937456
J5-T70-I3 Tp 4_Processed.unv,71.6927007039388,57.706925834411,2.531760096549988,2.52660596370697,2.532231450080872,2.5456130504608154,-0.0685591977394564,-0.041587228989499625,-0.06500048519284007,-0.07841203585311574,1.648563739526068,1.0547490151197876,0.8743453347887048,0.6397987471342835,0.5303679280487288,0.8289605605267198
J5-T75-I1 Tp 4_Processed.unv,76.6145757039388,43.841995636765695,2.5515941381454468,2.533334493637085,2.54582142829895,2.586750149726868,-0.04872515614399742,-0.03485869905938488,-0.051410506974761905,-0.037274936587063046,1.397790435638169,0.9477664977689724,1.3071828044613865,0.6780462032109015,0.9351779573914348,1.3792245321378995
J5-T75-I2 Tp 4_Processed.unv,76.7552007039388,50.4379824847878,2.5484421253204346,2.5283396244049072,2.544160485267639,2.5803334712982178,-0.051877168969009624,-0.03985356829156261,-0.05307145000607294,-0.04369161501571339,1.301694457808249,0.97749673248184,1.1873483951177441,0.7509417641123841,0.9121559886772221,1.2146827254379622
J5-T75-I3 Tp 4_Processed.unv,76.83853403727214,55.59354024436582,2.5422816276550293,2.5279778242111206,2.539323329925537,2.566559076309204,-0.0580376666344149,-0.040215368485349234,-0.05790860534817499,-0.057466010004727064,1.4431713252996416,1.0022287065189004,1.0099477348373553,0.6944627356081998,0.6998113925438912,1.0077018631258985
J5-T80-I1 Tp 4_Processed.unv,83.07290903727214,30.84445935850108,2.721911191940308,2.6949493885040283,2.7010810375213623,2.7680455446243286,0.12159189765086387,0.12675619580755848,0.1038491022476502,0.14402045831039745,0.9592580218758295,1.1708516975033854,0.8442682315925225,1.2205805641466352,0.8801263188204104,0.7210718773289232
J5-T80-I2 Tp 4_Processed.unv,83.1614507039388,46.21888253926195,2.538127422332764,3.280769109725952,2.862262725830078,3.8244898319244394,-0.06219187195668008,0.7125759170294823,0.265030790556366,1.2004647456105082,-0.08727753839329787,-0.23465904405342397,-0.051806495929250955,2.6886533279156244,0.5935833764673321,0.22077348920528442
J5-T80-I3 Tp 4_Processed.unv,83.03124237060547,53.64620240928314,2.232797145843506,2.7416017055511475,2.675551652908325,2.8326908349990845,-0.36752214844593833,0.17340851285467762,0.0783197176346131,0.2086657486851533,-2.11940084368254,-4.692587761367431,-1.7612959997592923,2.214110547023224,0.8310348677124112,0.37533576127429674
J5-T85-I1 Tp 4_Processed.unv,88.32811737060547,36.70156203513558,2.561713457107544,2.936060070991516,2.772395133972168,3.0123283863067627,-0.03860583718190025,0.3678668782950463,0.17516319869845587,0.38830329999283153,-0.10494512950126643,-0.22039924749467693,-0.09942186219538425,2.100137934386152,0.9473699510198277,0.45109891855590606
J5-T85-I2 Tp 4_Processed.unv,88.3333257039388,49.36215697737013,2.6367897987365723,3.139719724655152,2.815574288368225,3.2893643379211426,0.03647050444712807,0.571526531958682,0.218342353094513,0.6653392516072114,0.0638124433561112,0.16703357791212053,0.05481489985601923,2.617570635557305,0.8590001725857704,0.3281669502694743
J5-T85-I3 Tp 4_Processed.unv,88.38540903727214,56.414465973483054,2.749523520469665,2.622996091842652,2.546109080314636,2.4345017671585083,0.1492042261802209,0.05480289914618197,-0.051122854959076314,-0.18952331915542286,2.7225608225986653,-2.9185425246625685,-0.7872605167803262,-1.0719843246245055,-0.2891617738144382,0.2697444049993229
J5-T90-I1 Tp 4_Processed.unv,91.16665903727214,42.54665029926152,3.0325417518615723,3.4152265787124634,3.002388596534729,3.663220286369324,0.43222245757212807,0.8470333860159935,0.4051566612610169,1.039195200055393,0.510277947372392,1.066803285985404,0.4159203752568228,2.090631765450114,0.8150859299300492,0.3898754163216117
J5-T90-I2 Tp 4_Processed.unv,91.23436737060548,56.964056480605535,3.203294396400452,3.299911379814148,3.098726868629456,2.8567107915878296,0.6029751021110079,0.7317181871176781,0.5014949333557439,0.23268570527389842,0.824053730967377,1.202355322069181,2.5913714871364157,1.459073937639608,3.144663254050608,2.15524599057525
J5-T90-I3 Tp 4_Processed.unv,91.35936737060548,60.58207262099631,2.746280074119568,3.666098117828369,2.847257971763611,2.6835155487060547,0.14596077983012368,1.0979049251318993,0.25002603648989874,0.05949046239212352,0.13294482654095785,0.5837823207505056,2.453515638658891,4.3911623787079295,18.45514189980915,4.20279195078171
J5-T95-I1 Tp 4_Processed.unv,98.5364507039388,51.00058619448307,2.5762486457824707,2.56383740901947,2.5762091875076294,2.630065679550171,-0.02407064850697349,-0.004355783676999625,-0.021022747766082706,0.006040593236239733,5.526134971779399,1.1449810831012373,-3.9848153261777086,0.20719383238888872,-0.7210854144039499,-3.4802455560092236
J5-T95-I2 Tp 4_Processed.unv,98.68228403727214,60.56784064062254,2.599894523620605,2.578026533126831,2.597810864448548,2.650290846824646,-0.0004247706688391695,0.009833340430361215,0.0005789291748357073,0.02626576051071483,-0.0431969859934531,-0.7337178489229084,-0.016172030071845395,16.985394514193885,0.3743786678611423,0.022041211203442573
J5-T95-I3 Tp 4_Processed.unv,98.83853403727214,68.50307622410612,2.584234118461609,2.567567467689514,2.5825787782669067,2.62379789352417,-0.016085175827835307,-0.0006257250069556797,-0.014653157006805362,-0.00022719278976124357,25.706461543057085,1.097727665128059,70.79967566197494,0.0427024024014125,2.754158737226004,64.49657589135788
J6-T100-I1 Tp 4_Processed.unv,101.3645757039388,60.77693274286705,2.5800669193267822,2.568022131919861,2.5790072679519653,2.627855658531189,-0.020252374962661968,-0.000171060776609,-0.018224667321746768,0.0038305722172577994,118.39286225710046,1.1112617094796358,-5.2870364566994335,0.009386222178381275,-0.04465671625725351,-4.757687960989103
J6-T100-I2 Tp 4_Processed.unv,101.4895757039388,67.28492737524246,2.5785248279571533,2.562004923820496,2.5806459188461304,2.625369071960449,-0.021794466332290874,-0.00618826887597379,-0.01658601642758173,0.0013439856465180533,3.521900351956068,1.3140265733758558,-16.216293967688678,0.3731015764389937,-4.604415896855834,-12.340917829406994
J6-T100-I3 Tp 4_Processed.unv,101.54165903727214,73.01702601337195,2.5704448223114014,2.557820439338684,2.5719152688980103,2.608608603477478,-0.029874471978042827,-0.010372753357785758,-0.025316666375701846,-0.015416482836453138,2.8800908445026447,1.180031823096402,1.9378266946467817,0.40972034800526524,0.6728352677991377,1.6421817248639339
J6-T105-I1 Tp 4_Processed.unv,106.73436737060548,66.98505999698637,2.5842814445495605,2.5704375505447388,2.5791317224502563,2.6261236667633057,-0.016037849739883647,0.0022443578482689297,-0.018100212823455752,0.0020985804493744986,-7.145852321301445,0.8860586279461021,-7.642237277424307,-0.12399621320255999,1.0694647655456246,-8.624979246733519
J6-T105-I2 Tp 4_Processed.unv,106.91665903727214,72.43109659615645,2.5865999460220337,2.565829634666443,2.582334518432617,2.62853479385376,-0.013719348267410503,-0.0023635580300269687,-0.014897416841094913,0.004509707539829044,5.804532020419216,0.9209212854650964,-3.0421813712404466,0.1586555612451571,-0.5241045032637676,-3.3034108552546293
J6-T105-I3 Tp 4_Processed.unv,106.99478403727214,77.25170902945321,2.580231189727783,2.563429832458496,2.5761730670928955,2.6154119968414307,-0.02008810456166099,-0.004763360237973746,-0.021058868180816592,-0.008613089472500501,4.217212966913066,0.9539023839828243,2.3322763133713424,0.22619260432585314,0.5530373570577661,2.4449842589064508
J6-T110-I1 Tp 4_Processed.unv,110.51561737060548,67.22474705839397,2.5932576656341557,2.578319549560547,2.5893754959106445,2.6446690559387207,-0.007061628655288477,0.010126356864077035,-0.007856439363067569,0.020643969624789538,-0.6973513525223869,0.8988332155256709,-0.34206738256429053,-1.2889244600652237,0.4905237242704126,-0.3805682485423471
J6-T110-I2 Tp 4_Processed.unv,110.74478403727214,73.88681310913259,2.596339583396912,2.57309353351593,2.594534397125244,2.6481869220733643,-0.003979710892532129,0.004900340819460336,-0.0026975381484679595,0.024161835759433092,-0.8121294087806745,1.4753121822549078,-0.16471061769296227,-1.8165974120675317,0.2028132658565556,-0.11164458592161425
J6-T110-I3 Tp 4_Processed.unv,110.84374237060548,79.85153895538821,2.5870625972747803,2.568474531173706,2.5854192972183228,2.629833936691284,-0.01325669701466392,0.00028133847723621486,-0.011812638055389346,0.005808850377353014,-47.12009940799336,1.1222469487766742,-2.2821550140709173,-0.023816735594286514,0.04843272919079999,-2.0335586713411176
J6-T115-I1 Tp 4_Processed.unv,115.4739507039388,29.193785484359044,2.5588314533233643,2.537813782691956,2.5592695474624634,2.6480743885040283,-0.041487840966079936,-0.03037941000451383,-0.03796238781124872,0.024049302190097155,1.3656565733144783,1.0928670022644513,-1.7251162066217245,0.800250241253582,-1.2632137832682413,-1.578523464472104
J6-T115-I2 Tp 4_Processed.unv,115.52603403727214,46.47583282193528,2.587526559829712,2.544373393058777,2.597227931022644,2.689217686653137,-0.01279273445973228,-0.023819799637692984,-4.00425106805713e-06,0.06519260033920604,0.5370630590648954,3194.788299310947,-0.19622985420385025,5948.627903906734,-0.3653758174049708,-6.142186455552413e-05
J6-T115-I3 Tp 4_Processed.unv,115.60936737060548,62.28027663879827,2.5901790857315063,2.556046485900879,2.597464799880981,2.6698888540267944,-0.010140208557937846,-0.012146706795590934,0.00023286460726890112,0.04586376771286327,0.8348113384624205,-43.54551203321512,-0.22109410246061956,-52.162099419275364,-0.264843195431242,0.005077310890086126
J6-T120-I1 Tp 4_Processed.unv,121.7552007039388,34.17786943417135,2.6251500844955444,2.6030209064483643,2.6165343523025517,2.714485883712769,0.02483079020610024,0.03482771375189442,0.019302417028839614,0.09046079739883783,0.7129606721529229,1.2864083378263313,0.2744922764346453,1.8043187907430744,0.385003391008599,0.2133788069956544
J6-T120-I2 Tp 4_Processed.unv,121.92186737060548,53.3669556701979,2.6590617895126343,2.614680886268616,2.65991747379303,2.756721615791321,0.05874249522319008,0.04648769357214633,0.06268553851931769,0.13269652947738964,1.2636138880933077,0.9370980390491105,0.4426829808928749,0.7416015666487463,0.3503308922639716,0.47239772408666325
J6-T120-I3 Tp 4_Processed.unv,122.11978403727214,70.27555710778431,2.654655694961548,2.6186248064041138,2.65078067779541,2.728853225708008,0.05433640067210366,0.05043161370764393,0.053548742521698056,0.10482813939407665,1.0774273650471724,1.01470918108089,0.5183379289776268,0.9417889446649272,0.4810885130571495,0.5108241244308859
J6-T125-I1 Tp 4_Processed.unv,126.92186864217122,36.70848207293536,2.600806951522827,2.579336166381836,2.596699833869934,2.681528687477112,0.0004876572333829543,0.011142973685366098,-0.0005321014037780181,0.05750360116318065,0.04376365296665712,-0.9164742470523438,0.00848046424082392,-20.941447638079755,0.19377871054971255,-0.00925335792915037
J6-T125-I2 Tp 4_Processed.unv,127.45311864217122,56.300825269061946,2.636866331100464,2.590673446655273,2.6418477296829224,2.7268033027648926,0.03654703681101967,0.022480253958803154,0.04461579440921026,0.10277821645096141,1.6257394991175373,0.8191501977038671,0.3555912728691626,0.503863133145567,0.2187258617153486,0.4340977684750718
J6-T125-I3 Tp 4_Processed.unv,127.69270197550456,73.54581164778185,2.638354539871216,2.5990103483200078,2.636545777320862,2.705626964569092,0.038035245581771626,0.03081715562353793,0.039313842047149716,0.08160187825516063,1.2342231076225794,0.9674771938126869,0.4661074768749728,0.7838754499389406,0.377652528133922,0.4817761905457543
J6-T130-I1 Tp 4_Processed.unv,131.57291666666666,43.234973634579866,2.576647639274597,2.552292585372925,2.584137797355652,2.6693421602249146,-0.023671655014847026,-0.015900607323545035,-0.013094137918060245,0.045317073910983385,1.4887264702018588,1.8078055358037444,-0.5223562108477129,1.2143302157841132,-0.3508745369301358,-0.2889449116635629
J6-T130-I2 Tp 4_Processed.unv,131.71354166666666,62.08533787220925,2.6095279455184937,2.567751407623291,2.622659683227539,2.7080090045928955,0.009208651229049458,-0.0004417850731788242,0.025427747953826962,0.08398391827896434,-20.844188244725988,0.3621496974789513,0.10964779231259053,-0.017374132934660225,-0.005260353198946651,0.30276925005291055
J6-T130-I3 Tp 4_Processed.unv,131.66145833333334,78.31071349041112,2.611326813697815,2.577766537666321,2.617057681083679,2.6865735054016118,0.011007519408370747,0.009573344969850961,0.0198257458099671,0.0625484190876806,1.149809125549783,0.5552133833389955,0.17598397479783406,0.4828743928028223,0.15305494702321748,0.3169663773943718
J6-T70-I1 Tp 4_Processed.unv,68.6927007039388,26.66965663059945,2.5353811979293823,2.518487811088562,2.5387656688690186,2.578652024269104,-0.06493809636006187,-0.04970538160790783,-0.058466266404693545,-0.04537306204482716,1.3064600705073475,1.110693402424082,1.4312037458680895,0.8501548784363215,1.0954821951139306,1.2885677926460133
J6-T70-I2 Tp 4_Processed.unv,69.04165903727214,40.15934721639691,2.540573239326477,2.5199636220932007,2.547953486442566,2.578686237335205,-0.05974605496296714,-0.048229570603269156,-0.04927844883114618,-0.04533884897872609,1.2387847168375445,1.2124175249040097,1.3177673520340407,0.9787152750795579,1.0637581608192006,1.0868923658443257
J6-T70-I3 Tp 4_Processed.unv,69.46874237060547,49.753347283503096,2.534639596939087,2.5229034423828125,2.5384658575057983,2.558271527290344,-0.06567969735035728,-0.04528975031365734,-0.05876607776791376,-0.06575355902358737,1.4502110719420604,1.117646435580534,0.9988766893484261,0.77067845998709,0.688780211842386,0.8937322730596676
J6-T75-I1 Tp 4_Processed.unv,76.5989507039388,61.592125672137776,2.544616222381592,2.538398742675781,2.5410871505737305,2.5583704710006714,-0.0557030719078524,-0.029794450020689034,-0.05614478469998163,-0.06565461531325978,1.8695787930024759,0.9921326122365667,0.8484258363570437,0.5306717298837337,0.45380587303009706,0.8551536618118374
J6-T75-I2 Tp 4_Processed.unv,76.86978403727214,63.09518114946172,2.5394939184188843,2.534221053123474,2.53647518157959,2.551708221435547,-0.06082537587055992,-0.03397213957299572,-0.060756753694122256,-0.07231686487838429,1.7904487805327898,1.001129457587269,0.841095309826419,0.5591500122608141,0.4697678699170224,0.8401464001004089
J6-T75-I3 Tp 4_Processed.unv,77.10415903727214,63.99601268260715,2.537234902381897,2.532557249069214,2.5346180200576782,2.5484580993652344,-0.06308439190754722,-0.03563594362725597,-0.06261391521603388,-0.07556698694869679,1.7702461471876794,1.0075139318455024,0.83481417553906,0.5691377628168265,0.47158084589834953,0.8285882201250543
J6-T80-I1 Tp 4_Processed.unv,83.46874237060547,33.38078854073421,2.699544906616211,2.682797908782959,2.703989624977112,2.786173820495605,0.09922561232676674,0.11460471608648914,0.10675768970339972,0.16214873418167386,0.8658074092857034,0.9294469803762238,0.6119419484064111,1.0735031490929645,0.7067876087030338,0.6583936053659649
J6-T80-I2 Tp 4_Processed.unv,83.3020757039388,47.78222306390905,2.4525920152664185,3.1052401065826416,2.7857648134231567,3.642602443695069,-0.14772727902302574,0.5370469138861718,0.18853287814944464,1.0185773573811376,-0.27507332265265905,-0.7835624240877845,-0.14503295007739722,2.84855840083484,0.5272519656896478,0.18509431491210562
J6-T80-I3 Tp 4_Processed.unv,83.4114507039388,54.84692518904,2.2001006603240967,2.6415780782699585,2.5896328687667847,2.7483179569244385,-0.4002186339653475,0.07338488557348866,-0.007599066506927432,0.12429287061050731,-5.453692961945999,52.666815535895324,-3.2199645241077435,-9.657092158173613,0.5904191062048328,-0.061138394097762776
J6-T85-I1 Tp 4_Processed.unv,88.46353403727214,57.661710313221135,2.567486882209778,2.5567727088928223,2.5666120052337646,2.602765679359436,-0.03283241207966636,-0.011420483803647574,-0.03061993003994745,-0.02125940695449513,2.874870508478814,1.072256273506584,1.5443710236105253,0.37297550284236947,0.5371967255762421,1.4403002917949748
J6-T85-I2 Tp 4_Processed.unv,88.4583257039388,64.85403025763256,2.5589420795440674,2.54728102684021,2.5602710247039795,2.589127779006958,-0.04137721474537681,-0.02091216585625988,-0.03696091056973261,-0.03489730730697316,1.9786192893545216,1.1194858056138024,1.1856850266813808,0.5657914140617767,0.5992486948149499,1.0591335957415575
J6-T85-I3 Tp 4_Processed.unv,88.46874237060547,68.6775383603975,2.553428053855896,2.5455846786499023,2.5541131496429443,2.5770193338394165,-0.0468912404335482,-0.022608514046567496,-0.043118785630767764,-0.04700575247451466,2.0740522945013007,1.0874898202162857,0.9975638717616838,0.5243309549616584,0.48097334595005714,0.9173086986352508
J6-T90-I1 Tp 4_Processed.unv,91.95311737060548,37.18600761495162,2.9900232553482056,3.200392961502075,2.909543514251709,3.2718305587768555,0.3897039610587614,0.6321997688056054,0.3123115789779969,0.6478054724629243,0.6164253457337014,1.2478050360285136,0.601575592711692,2.024259782088148,0.9759098922119523,0.48210704023632855
J6-T90-I2 Tp 4_Processed.unv,92.15624237060548,49.52611346384285,2.7420259714126587,2.939071297645569,2.8781800270080566,3.1557116508483887,0.1417066771232145,0.370878104949099,0.28094809173434454,0.5316865645344575,0.3820842353113915,0.5043873985704369,0.2665229602844907,1.3200947643374257,0.6975502668077354,0.5284092367094916
J6-T90-I3 Tp 4_Processed.unv,92.22915903727214,57.3793916153229,2.444057822227478,2.625054359436035,2.684186100959778,2.487315535545349,-0.15626147206196617,0.056861166739565316,0.08695416568606573,-0.13670955076858204,-2.7481228582183808,-1.797055619234201,1.1430179616819973,0.6539211352432909,-0.41592680555156125,-0.6360504090402522
J6-T95-I1 Tp 4_Processed.unv,98.8802007039388,40.25752144562115,3.254061698913574,3.432780623435974,3.1547213792800903,3.406366467475891,0.65374240462413,0.8645874307395043,0.5574894440063782,0.78234138116196,0.7561322098621848,1.1726543195617003,0.8356229395064974,1.5508588369425924,1.1051280829033865,0.7125910215542683
J6-T95-I2 Tp 4_Processed.unv,98.7552007039388,61.19324655466245,2.949691414833069,3.629349708557129,3.166313886642456,3.399182200431824,0.34937212054362465,1.061156515860659,0.569081951368744,0.775157114117893,0.32923712508165087,0.6139223352687995,0.4507113644195865,1.8646813755178628,1.36895668830728,0.7341504593121656
J6-T95-I3 Tp 4_Processed.unv,98.7239507039388,65.96892798108173,2.897167801856994,2.9626498222351074,2.554728388786316,2.962862491607666,0.29684850756755,0.3944566295386376,-0.04250354648739618,0.33883740529373485,0.7525504335286454,-6.984087966767106,0.8760795087254754,-9.280558027213283,1.1641472381028504,-0.12543935770771905
